Código,Nombre,Provincia,Dependencia,Tipología,Localidad,Departamento,Barrio,Domicilio,CP,Tipo de teléfono,Teléfono,Mail,Categoría de tipología,Responsable,Origen de financiamiento,GLN
50140982333487,ACIPIDIM - CENTRO EDUCATIVO TERAPEUTICO,Córdoba,Privado,ESSIDT,RIO CUARTO,RÍO CUARTO,null,MENDOZA 1238,5800,Tel/Fax,0358-4629975,acipdim@hotmail.com,Con atención médica diaria y con especialidades y/o otras profesiones,"Dra. Vazquez, María Antonia",Privado,null
13140982331350,ASOCIACION NAZARETH,Córdoba,Privado,ESCIESM,LAS HIGUERAS,RÍO CUARTO,null,CALLE PUBLICA S/N,5805,Directo,0358 - 4702097,null,Bajo riesgo con internación simple,"Dr. Casas, Mario Alberto",Privado,null
50140982334798,BIO CENTRO MEDICO,Córdoba,Privado,ESSIDT,RIO CUARTO,RÍO CUARTO,null,BOLIVAR 147,5800,Tel/Fax,0358-4631605,danieljuy@yahoo.com.ar,Con atención médica diaria y con especialidades y/o otras profesiones,DR. DANIEL OSCAR JUY,Privado,null
53140982334595,CARDIOMED EMERGENCIAS MEDICAS,Córdoba,Privado,ESCL,RIO CUARTO,RÍO CUARTO,null,Mitre 930,5800,Administración,0358-4640232,null,Sistema de Atención extra hospitalaria,"DE LA VEGA, MARCELO",Privado,null
50140982334032,CEM - CENTRO DE ESPECIALIDADES MEDICAS,Córdoba,Privado,ESSIDT,VICUŃA MACKENNA,RÍO CUARTO,null,LEANDRO N. ALEM 664,6140,Tel/Fax,03583-421633,monica_fischer@hotmail.com,Con atención médica diaria y con especialidades y/o otras profesiones,"Dra. Fischer, Mónica Beatriz",Privado,null
50140982334793,CENTRO - CONSULTORIOS PRIVADOS DEL CENTRO,Córdoba,Privado,ESSIDT,RIO CUARTO,RÍO CUARTO,null,HIPOLITO YRIGOYEN 996,5800,Tel/Fax,0358-4642612,lladser@fibertel.com.ar,Con atención médica diaria y con especialidades y/o otras profesiones,DR. RAUL TEODORO PALUMBO,Privado,null
52140982334836,CENTRO DE DIA COOOPERATIVA TODOS JUNTOS,Córdoba,Privado,ESSIT,RIO CUARTO,RÍO CUARTO,null,Camino Santa Flora (Zona Autodromo),5800,Tel/Fax,0358-4632141,cooptodosjuntos@hotmail.com,Centro de día,DR. MONTIRONI,Privado,null
52140982334783,CENTRO DE DIA LUCES DEL ALMA,Córdoba,Privado,ESSIT,RIO CUARTO,RÍO CUARTO,null,SAN LUIS 1174,5800,Directo,0358-154855383,centrodedialucesdelalma@gmail.com,Centro de día,"DRA. FERRARI, ANA MARIA",Privado,null
52140982333903,CENTRO DE DIA PUERTA ESPERANZA,Córdoba,Privado,ESSIT,RIO CUARTO,RÍO CUARTO,null,Mitre 1764,5800,Tel/Fax,0358-4625926,null,Centro de día,Dr. Efraín Fortunato Lofredo,Privado,null
50140982333338,CENTRO DE DIAGNOSTICO PRIVADO CARDIOMED,Córdoba,Privado,ESSIDT,RIO CUARTO,RÍO CUARTO,null,Cabrera 1515,5800,Tel/Fax,0358- 4641142,null,Con atención médica diaria y con especialidades y/o otras profesiones,"Dr. Villalva, Rodolfo Oscar",Privado,null
50140982333122,CENTRO DE OJOS PRIVADO ADELIA MARIA,Córdoba,Privado,ESSIDT,ADELIA MARIA,RÍO CUARTO,null,Avda. Gral.Lopez 316,5843,Directo,03585-422306,null,Con atención médica diaria y con especialidades y/o otras profesiones,"Dr. Jerabek, Roque Valerio",Privado,null
50140982334885,CENTRO DE PEDIATRIA GINECO-OBSTETRICIA Y DIAGNOSTICO POR IMAGENES NOVOIMAGENES,Córdoba,Privado,ESSIDT,RIO CUARTO,RÍO CUARTO,null,Avenida Italia 1454,5800,Administración,0358-4646622,info@neoclinica.com.ar,Con atención médica diaria y con especialidades y/o otras profesiones,"Dr. Borgui, Sergio Carlos",Privado,null
51140982335093,CENTRO DE RADIOLOGIA ODONTOLOGICA Y MEDICA E IMAGENES DIGITALES - CROMO S.A,Córdoba,Privado,ESSID,RIO CUARTO,RÍO CUARTO,null,Constitución 840,5800,Administración,3584644701,null,Diagnostico por Imágenes odontológicas,"Dra. Sanchez, Mirta",Privado,null
50140982334665,CENTRO DE REHABILITACION FUNDACION DESAFIO,Córdoba,Privado,ESSIDT,RIO CUARTO,RÍO CUARTO,null,25 DE MAYO 153,5800,Tel/Fax,0358-4633747,fundaciondesafio@hotmail.com,Con atención médica diaria y con especialidades y/o otras profesiones,"Dr. Sanabria, Javier",Privado,null
50140982133408,CENTRO DE REHABILITACION HOSPITAL CENTRAL,Córdoba,Provincial,ESSIDT,RIO CUARTO,RÍO CUARTO,null,GRAL. MOSCONI 486,5800,Tel/Fax,0358-4672934,null,Con atención médica diaria y con especialidades y/o otras profesiones,"Dra. García Agazzoni, Carina",Público,null
50140982333572,CENTRO DE REHABILITACION INTEGRAL PRIVADO ELPHIS,Córdoba,Privado,ESSIDT,RIO CUARTO,RÍO CUARTO,null,NICARAGUA 58,5800,Tel/Fax,0358-4621314,null,Con atención médica diaria y con especialidades y/o otras profesiones,"Lic. Hansen, Mariela Paola",Privado,null
50140982334623,CENTRO DE REHABILITACION INTEGRAL PRIVADO ESTIMULOS,Córdoba,Privado,ESSIDT,RIO CUARTO,RÍO CUARTO,null,JUJUY 1268,5800,Recepción,0358-4620567,estimulos_rehabilitacion@hotmail.com,Con atención médica diaria y con especialidades y/o otras profesiones,"Lic. en Psicología Hansen, Daniela Noemí",Privado,null
50140982334574,CENTRO DE REHABILITACION MEDICO PRIVADO S.R.L.,Córdoba,Privado,ESSIDT,RIO CUARTO,RÍO CUARTO,null,ALBERDI 1032,5800,Administración,(0358)4630367,administracion@hotmail.com,Con atención médica diaria y con especialidades y/o otras profesiones,EFRAIN FORTUNATO LOFREDO,Privado,null
50140982334627,CENTRO DE REHABILITACION NEUROCET S.R.L.,Córdoba,Privado,ESSIDT,RIO CUARTO,RÍO CUARTO,null,Comisario Medina 2245,5800,Tel/Fax,0358-154202407,neurocetriocuarto@hotmail.com,Con atención médica diaria y con especialidades y/o otras profesiones,"Dra. Rodriguez, Silvia Susana",Privado,null
50140982334508,CENTRO DE REPRODUCCION ASISTIDA CREA S.R.L.,Córdoba,Privado,ESSIDT,RIO CUARTO,RÍO CUARTO,null,Wenceslao Tejerina Norte 241,5800,Administración,0358-4643654,centro.crea@hotmail.com,Con atención médica diaria y con especialidades y/o otras profesiones,Dr. Marcelo Armando La Falce,Privado,null
50140982334790,CENTRO DE SALUD ASOCIACION SINDICAL DE TRABAJADORES DE FARMACIA RIO CUARTO,Córdoba,Privado,ESSIDT,RIO CUARTO,RÍO CUARTO,null,9 DE JULIO 1120,5800,Administración,0358-622402,null,Con atención médica diaria y con especialidades y/o otras profesiones,Dr. Fernando Napoli,Privado,null
50140982333637,CENTRO DE SALUD HOLISTICA AMATREYA - SERVICIO DE MEDICINA DEL TRABAJO S.R.L,Córdoba,Privado,ESSID,RIO CUARTO,RÍO CUARTO,null,HIPOLITO YRIGOYEN 1364,5800,Tel/Fax,0358-4629830,medicinadeltrabajo@arnet.com.ar,Medicina Laboral,Dr. Luis Eligio Quero,Privado,null
50140982231664,CENTRO DE SALUD JUAN CORTONA,Córdoba,Municipal,ESSIDT,LAS HIGUERAS,RÍO CUARTO,null,PJE. BULNES 157,5805,Directo,(0358) 497-0006,lashigueras@hotmail.com,Con atención médica general por lo menos 3 días de la semana,MARCELO ALBERTO SANTUCHO,Público,null
50140982231658,CENTRO DE SALUD MUNICIPAL DE ELENA,Córdoba,Municipal,ESSIDT,ELENA,RÍO CUARTO,null,SAN JUAN 79,5815,Directo,0358-4881144,secdeportes@emprendinet.com.ar,Con atención médica diaria y con especialidades y/o otras profesiones,VICTOR HUGO GARCIA,Público,null
50140982231704,CENTRO DE SALUD MUNICIPAL DE RIO CUARTO,Córdoba,Municipal,ESSIDT,RIO CUARTO,RÍO CUARTO,null,CABRERA 1322,5800,Directo,(0358) 467-1274,null,Con atención médica general por lo menos 3 días de la semana,Sin Dato,Público,null
50140982231451,CENTRO DE SALUD MUNICIPAL DE TOSQUITA,Córdoba,Municipal,ESSIDT,TOSQUITAS,RÍO CUARTO,null,21 DE JUNIO 408,6141,Directo,O3583-492054,municipalidad-detosquita@hotmail.com,Con atención médica general por lo menos 3 días de la semana,"Galindez, Mariana Karina",Público,null
50140982231458,CENTRO DE SALUD MUNICIPAL MONTE DE LOS GAUCHOS,Córdoba,Municipal,ESSIDT,MONTE DE LOS GAUCHOS,RÍO CUARTO,null,SAN MARTIN 191,5839,Directo,03585-492137,hospitalmdlg@hotmail.com,Con atención médica diaria y con especialidades y/o otras profesiones,Gabriela Alejandra Aimar,Público,null
50140982231939,CENTRO DE SALUD Nş 13,Córdoba,Municipal,ESSIDT,RIO CUARTO,RÍO CUARTO,null,PASAJE CABILDO DE LA CONCEPCION 650,5800,Directo,0358-4671111,mrlvintendencia@arnet.com.ar,Con atención médica general por lo menos 3 días de la semana,Sin Dato,Público,null
50140982231947,CENTRO DE SALUD Nş 5,Córdoba,Municipal,ESSIDT,RIO CUARTO,RÍO CUARTO,null,PASAJE CABILDO DE LA CONCEPCION 650,5800,Directo,0358-4671111,mrlvintendencia@arnet.com.ar,Con atención médica general por lo menos 3 días de la semana,Sin Dato,Público,null
50140982231949,CENTRO DE SALUD Nş 6,Córdoba,Municipal,ESSIDT,RIO CUARTO,RÍO CUARTO,null,PASAJE CABILDO DE LA CONCEPCION 650,5800,Directo,0358-4671111,mrlvintendencia@arnet.com.ar,Con atención médica general por lo menos 3 días de la semana,Sin Dato,Público,null
51140982334181,CENTRO DE TRAUMATOLOGIA Y ARTROSCOPIA PRIVADO SRL,Córdoba,Privado,ESSID,RIO CUARTO,RÍO CUARTO,null,Buenos Aires 659,5800,Administración,0358 4647100,null,Diagnostico por Imágenes,"Sommariva Odone, Luis",Privado,null
52140982335005,CENTRO EDUCATIVO TERAPEUTICO CON INTEGRACION ESCOLAR Y CENTRO DE DIA KALEN,Córdoba,Privado,ESSIT,RIO CUARTO,RÍO CUARTO,null,PAUL HARRIS 829,5800,Tel/Fax,0358-4750109,kalen@hotmail.com.ar,Centro educativo terapéutico,"DR. SACCHETTO, DIEGO EMILIANO",Privado,null
50140982334941,CENTRO FLEBOLOGICO,Córdoba,Privado,ESSIDT,RIO CUARTO,RÍO CUARTO,null,HIPOLITO YRIGOYEN 849,5800,Tel/Fax,0358-4645405,rmarzari@yahoo.com.ar,Con atención médica diaria y con especialidades y/o otras profesiones,"DR. ALONSO, LUIS",Privado,null
51140982334180,CENTRO IMAGO SA PRIVADO,Córdoba,Privado,ESSID,RIO CUARTO,RÍO CUARTO,null,Pedernera 459,5800,Administración,0358-4620273,null,Diagnostico por Imágenes,Pablo Hernán Medina,Privado,null
50140982334281,CENTRO INSTITUTO INTEGRAL DE REHABILITACION APADIM,Córdoba,Privado,ESSIDT,RIO CUARTO,RÍO CUARTO,null,RIOJA 179,5800,Tel/Fax,0358-4625792,apadim_riocuarto@yahoo.com,Con atención médica diaria y con especialidades y/o otras profesiones,NESTOR OSVALDO GANDARA,Privado,null
50140982334797,CENTRO MEDICO ASPURC,Córdoba,Privado,ESSIDT,RIO CUARTO,RÍO CUARTO,null,VELEZ SARSFIELD 448,5800,Tel/Fax,0358-476-8200,aspurc@aspurc.org.ar,Con atención médica diaria y con especialidades y/o otras profesiones,"DRA. NICOLA, MARISA ANDREA",Privado,null
50140982334708,CENTRO MEDICO CIENTIFICO PRIVADO,Córdoba,Privado,ESSIDT,RIO CUARTO,RÍO CUARTO,null,ALVEAR 1339,5800,Tel/Fax,0358-4642445,laboratoriooscarbrarda@yahoo.com.ar,Con atención médica diaria y con especialidades y/o otras profesiones,Dr. Oscar Alberto Brarda,Privado,null
50140982334743,CENTRO MEDICO DE ALTO RENDIMIENTO S.A.,Córdoba,Privado,ESSIDT,RIO CUARTO,RÍO CUARTO,null,HIPOLITO YRIGOYEN 1071,5800,Tel/Fax,0358-4636474,administracion@carsaludable.com.ar,Con atención médica diaria y con especialidades y/o otras profesiones,"DR. BOSCO, GUSTAVO MIGUEL",Privado,null
50140982333366,CENTRO MEDICO DE LA CLINICA REGIONAL DEL SUD S.A,Córdoba,Privado,ESSIDT,RIO CUARTO,RÍO CUARTO,null,ALVEAR 1244,5800,Tel/Fax,0358-4679500,null,Con atención médica diaria y con especialidades y/o otras profesiones,"Dr. Bossio, Juan José",Privado,null
50140982334779,CENTRO MEDICO DE SALUD OCUPACIONAL,Córdoba,Privado,ESSIDT,RIO CUARTO,RÍO CUARTO,null,ALBERDI 638,5800,Administración,4620932,null,Con atención médica diaria y con especialidades y/o otras profesiones,Dr. Jorge Adrian Mercau,Privado,null
50140982334301,CENTRO MEDICO FEMEP,Córdoba,Privado,ESSIDT,RIO CUARTO,RÍO CUARTO,null,ALVEAR 1076,5800,Administración,0358-4630085,m_e_porta@hotmail.com,Con atención médica diaria y con especialidades y/o otras profesiones,"Dra. Porta, Maria Emilia",Privado,null
50140982334980,CENTRO MEDICO HUMANE PRIVADO,Córdoba,Privado,ESSIDT,RIO CUARTO,RÍO CUARTO,null,Buenos Aires 542,5800,Administración,0358-4645604,null,Con atención médica diaria y con especialidades y/o otras profesiones,Dr. Bordese Fernando Javier,Privado,null
50140982333595,CENTRO MEDICO INTEGRAL DE SALUD OCUPACIONAL Y MEDICINA LEGAL,Córdoba,Privado,ESSIDT,RIO CUARTO,RÍO CUARTO,null,ALBERDI 638,5800,Tel/Fax,0358-4620932,null,Con atención médica diaria y con especialidades y/o otras profesiones,"Dr. Mercau, Jorge",Privado,null
50140982334806,CENTRO MEDICO PRIVADO ALUMBRAR,Córdoba,Privado,ESSIDT,RIO CUARTO,RÍO CUARTO,null,ESPAŃA 350,5800,Tel/Fax,0358-4642705,mutualalumbrar@luzyfuerzariocuarto.org,Con atención médica diaria y con especialidades y/o otras profesiones,DR. CARLOS MARCELO MELAPPIONI,Privado,null
50140982334194,CENTRO MEDICO PRIVADO DAVERLEY,Córdoba,Privado,ESSIDT,RIO CUARTO,RÍO CUARTO,null,COLON 471,5800,Administración,0358-4640447,null,Con atención médica diaria y con especialidades y/o otras profesiones,Dr. Miguel Angel Mugnaini,Privado,null
50140982333489,CENTRO MEDICO PRIVADO DEL NIŃO Y LA FAMILIA,Córdoba,Privado,ESSIDT,RIO CUARTO,RÍO CUARTO,null,ALVEAR 834,5800,Tel/Fax,0358-4623916,null,Con atención médica diaria y con especialidades y/o otras profesiones,Dr. Hugo Javier Sanabria,Privado,null
50140982334827,CENTRO MEDICO PRIVADO GASTROMED,Córdoba,Privado,ESSIDT,RIO CUARTO,RÍO CUARTO,null,RIOJA 252,5800,Tel/Fax,0358-4621517,null,Con atención médica diaria y con especialidades y/o otras profesiones,"DR. ROTH, ALDO LUIS",Privado,null
10140982331084,CENTRO MEDICO PRIVADO NAZARETH,Córdoba,Privado,ESCIG,VICUŃA MACKENNA,RÍO CUARTO,null,AVENIDA RICARDO RISATTI 504,6140,Conmutador,03583-420046,clinazareth@gmail.com,Bajo riesgo con internación simple,"Casas, Eduardo Manuel",Privado,null
50140982333134,CENTRO MEDICO PRIVADO SAN SEBASTIAN,Córdoba,Privado,ESSIDT,ELENA,RÍO CUARTO,null,ROCA 43,5815,Directo,0358-4881460,null,Con atención médica diaria y con especialidades y/o otras profesiones,"Dr. García, Victor Hugo",Privado,null
50140982334628,CENTRO MEDICO SALUS,Córdoba,Privado,ESSIDT,RIO CUARTO,RÍO CUARTO,null,MENDOZA 954,5800,Tel/Fax,0358-4630304,info@policlinicosanlucas.com.ar,Con atención médica diaria y con especialidades y/o otras profesiones,MIGUEL ANGEL MUGNAINI,Privado,null
50140982334828,CENTRO MEDICO VILLA DALCAR PRIVADO,Córdoba,Privado,ESSIDT,RIO CUARTO,RÍO CUARTO,null,WENCESLAO TEJERINO NORTE 241,5800,Tel/Fax,0358-4643654,centro-villadalcar@hotmail.com,Con atención médica diaria y con especialidades y/o otras profesiones,DR. ZANLUGO,Privado,null
50140982334807,CENTRO OFTALMOLOGICO PRIVADO,Córdoba,Privado,ESSIDT,RIO CUARTO,RÍO CUARTO,null,BUENOS AIRES 659,5800,Administración,0358-4647197,null,Con atención médica diaria y con especialidades y/o otras profesiones,Dr. Lukasiewics Enrique Rodolfo,Privado,null
50140982231937,CENTRO PERIFERICO N° 1 DE RIO CUARTO,Córdoba,Municipal,ESSIDT,RIO CUARTO,RÍO CUARTO,null,BELISARIO ROLDAN 540,5800,Directo,0358-4671284,mrlvintendencia@arnet.com.ar,Con atención médica general por lo menos 3 días de la semana,Sin Dato,Público,null
50140982231941,CENTRO PERIFERICO N° 2 DE RIO CUARTO,Córdoba,Municipal,ESSIDT,RIO CUARTO,RÍO CUARTO,null,GRAL. JOSE GARIBALDI 198,5800,Directo,0358-4671285,mrlvintendencia@arnet.com.ar,Con atención médica general por lo menos 3 días de la semana,Sin Dato,Público,null
50140982231943,CENTRO PERIFERICO N° 3 DE RIO CUARTO,Córdoba,Municipal,ESSIDT,RIO CUARTO,RÍO CUARTO,null,RIOJA 1800,5800,Directo,0358-4671286,mrlvintendencia@arnet.com.ar,Con atención médica general por lo menos 3 días de la semana,Sin Dato,Público,null
50140982231951,CENTRO PERIFERICO N° 7,Córdoba,Municipal,ESSIDT,RIO CUARTO,RÍO CUARTO,null,PASO DE LOS ANDES 1225,5800,Directo,0358-4753450,mrlvintendencia@arnet.com.ar,Con atención médica general por lo menos 3 días de la semana,Sin Dato,Público,null
50140982231694,CENTRO PERIFERICO Nş 10,Córdoba,Municipal,ESSIDT,RIO CUARTO,RÍO CUARTO,null,SAN LUIS 350,5800,Directo,0358-4671293,null,Con atención médica general por lo menos 3 días de la semana,Sin Dato,Público,null
50140982231698,CENTRO PERIFERICO Nş 11,Córdoba,Municipal,ESSIDT,RIO CUARTO,RÍO CUARTO,null,Adelia Maria y Malabia - Barrio Alberdi,5800,Directo,0358-4671294,null,Con atención médica general por lo menos 3 días de la semana,Sin Dato,Público,null
50140982231700,CENTRO PERIFERICO Nş 12,Córdoba,Municipal,ESSIDT,RIO CUARTO,RÍO CUARTO,null,DINKELDEIN 3300,5800,Directo,0358-4671295,null,Con atención médica general por lo menos 3 días de la semana,Sin Dato,Público,null
50140982231702,CENTRO PERIFERICO Nş 14,Córdoba,Municipal,ESSIDT,RIO CUARTO,RÍO CUARTO,null,LAGUNA LEUVUCO 3505,5800,Directo,0358-4671394,null,Con atención médica general por lo menos 3 días de la semana,Sin Dato,Público,null
50140982231933,CENTRO PERIFERICO Nş 15,Córdoba,Municipal,ESSIDT,RIO CUARTO,RÍO CUARTO,null,17 de Octubre y Pasaje Público,5800,Directo,0358-4671442,mrlvintendencia@arnet.com.ar,Con atención médica general por lo menos 3 días de la semana,Sin Dato,Público,null
50140982231955,CENTRO PERIFERICO Nş 16,Córdoba,Municipal,ESSIDT,RIO CUARTO,RÍO CUARTO,null,VENEZUELA 814,5800,Directo,0358-4672515,mrlvintendencia@arnet.com.ar,Con atención médica general por lo menos 3 días de la semana,Sin Dato,Público,null
50140982231935,CENTRO PERIFERICO Nş 8,Córdoba,Municipal,ESSIDT,RIO CUARTO,RÍO CUARTO,null,Iguazú s/n Barrio El Acordeón,5800,Directo,0358-4671291,mrlvintendencia@arnet.com.ar,Con atención médica general por lo menos 3 días de la semana,Sin Dato,Público,null
50140982231953,CENTRO PERIFERICO Nş 9,Córdoba,Municipal,ESSIDT,RIO CUARTO,RÍO CUARTO,null,Ignacio Pirovano 340 entre Vicente López y Andrade Barrio Alberdi,5800,Directo,0358-4671292,mrlvintendencia@arnet.com.ar,Con atención médica general por lo menos 3 días de la semana,Sin Dato,Público,null
50140142334638,CENTRO PRIVADO CON APOYO ESCOLAR RUCAHUE,Córdoba,Privado,ESSIDT,CORDOBA,CAPITAL,null,Amadeo Ayacucho 5894,5000,Directo,03543-421670,fundacionrucahue@gmail.com,Con atención médica diaria y con especialidades y/o otras profesiones,"Lic. Blanco, Silvana Andrea",Privado,null
52140982334310,CENTRO PRIVADO DE RADIOTERAPIA RIO CUARTO S.A.,Córdoba,Privado,ESSIT,RIO CUARTO,RÍO CUARTO,null,General Paz 1556,5800,Administración,0358-4648062,info@radioterapia-rio4.com.ar,Centro tratamientos oncológicos,"Dr. Sar, Jorge Alejandro",Privado,null
50140982335082,CENTRO QUIRURGICO VITHAS,Córdoba,Privado,ESSIDT,RIO CUARTO,RÍO CUARTO,null,Constitución 1021,5800,Administración,0358-4650486,null,Con atención médica diaria y con especialidades y/o otras profesiones,"Dr. Fossati, Fernando Antonio",Privado,null
50140982334741,CENTRO REHABILITACION NEUROLOGICA NUEVA VIDA,Córdoba,Privado,ESSIDT,RIO CUARTO,RÍO CUARTO,null,SAN LORENZO 932,5800,Tel/Fax,0358-4645886,cnuevavida@yahoo.com.ar,Con atención médica diaria y con especialidades y/o otras profesiones,"Dr. Acuńa, Marcos Edgardo",Privado,null
50140982331484,CLINICA DE OJOS PRIVADA NUEVA VISION RIO CUARTO S.R.L,Córdoba,Privado,ESSIDT,RIO CUARTO,RÍO CUARTO,null,LAMADRID 685,3615,Directo,0358-422907,null,Con atención médica diaria y con especialidades y/o otras profesiones,Dr. Zabalo Eduardo Domingo,Privado,null
50140982334993,CLINICA OFTALMOLOGICA OFTALMOS S.R.L.,Córdoba,Privado,ESSIDT,RIO CUARTO,RÍO CUARTO,null,DEAN FUNES 458,5800,Conmutador,0800-555-5525,administracion@oftalmosriocuarto.com,Con atención médica diaria y con especialidades y/o otras profesiones,"DR. JAULE, CARLOS FABIAN",Privado,null
10140982331090,CLINICA PRIVADA DE MEDICINA ESPECIALIZADA PHILIPPE PINEL S A,Córdoba,Privado,ESCIG,RIO CUARTO,RÍO CUARTO,null,GUATEMALA 150,5800,Conmutador,03586-4622107,null,Bajo riesgo con internación simple,Dr. Juan Pablo Vedia,Privado,null
10140982331144,CLINICA REGIONAL DEL SUD,Córdoba,Privado,ESCIG,RIO CUARTO,RÍO CUARTO,null,Avenida Italia 1262,5800,Conmutador,0358-4679500,info@clinicaregionaldelsud.com,Alto riesgo con terapia intensiva,"Dr. Bossio,Juan José",Privado,null
50140982334744,CONSULTORIOS JUNTOS,Córdoba,Privado,ESSIDT,RIO CUARTO,RÍO CUARTO,null,MORENO 1044,5800,Directo,0358-154167520,cintiamusso@live.com.ar,Con atención médica diaria y con especialidades y/o otras profesiones,"Lic. Sarandón, Maria Esther",Privado,null
51140982334197,DIAGNOSTICOS SRL PRIVADO,Córdoba,Privado,ESSID,RIO CUARTO,RÍO CUARTO,null,Cabrera 1627,5800,Administración,0358-4628541,diagnostico_srl@hoymail.com,Diagnostico por Imágenes,Dr. Daniel Oscar Di Giorgio,Privado,null
50140982231660,DISPENSARIO COMUNAL EL POTOSI,Córdoba,Municipal,ESSIDT,LA CAROLINA,RÍO CUARTO,null,Av. Belgrano S/Nş,5841,Conmutador,(0358) 480-1017/08,null,Con atención médica general por lo menos 3 días de la semana,Eduardo Alberto Muńoz,Público,null
50140982231515,DISPENSARIO LAS PEŃAS SUD,Córdoba,Municipal,ESSIDT,LAS PEŃAS,RÍO CUARTO,null,AVENIDA 22 DE OCTUBRE Y 9 DE JULIO,5819,Directo,0353-4879020,nestor_pasero@hotmail.com,Sin atención médica en forma periódica (menor a 3 veces por semana),Pedro Luis Gómez Palacios,Público,null
50140982231962,DISPENSARIO MUNICIPAL (SUCO),Córdoba,Municipal,ESSIDT,SUCO,RÍO CUARTO,null,18 DE OCTUBRE 180,5837,Directo,03582-491006,comunadesuco@yahoo.com.ar,Con atención médica general por lo menos 3 días de la semana,Dr. Carlos Luis Acha,Público,null
50140982232132,DISPENSARIO MUNICIPAL ACHIRAS,Córdoba,Municipal,ESSIDT,ACHIRAS,RÍO CUARTO,null,Cabrera y 9 de Julio,5833,Directo,(03582) 49-5019/49-5249,muni_achiras@bulnes.com.ar,Con atención médica general por lo menos 3 días de la semana,Dr.Fernandez Carlos,Público,null
50140982231728,DISPENSARIO MUNICIPAL BULNES,Córdoba,Municipal,ESSIDT,BULNES,RÍO CUARTO,null,SARMIENTO 245,5845,Directo,(03582) 49-4191,dispensario_bul@bulnes.com.ar,Con atención médica general por lo menos 3 días de la semana,"Dr. Avanzini, Guillermo",Público,null
50140562231688,DISPENSARIO MUNICIPAL CARNERILLO,Córdoba,Municipal,ESSIDT,CARNERILLO,JUÁREZ CELMAN,null,FAUCHER 173,5805,Directo,3584883023,municipcarnerillo@carenrillo.com.ar,Con atención médica diaria y con especialidades y/o otras profesiones,MATIAS ALEJANDRO SGRAZZUTTI,Público,null
50140982231521,DISPENSARIO MUNICIPAL CHAJAN,Córdoba,Municipal,ESSIDT,CHAJAN,RÍO CUARTO,null,BOLIVAR Y MENDOZA,5837,Directo,(03582) 49-2024,dispensariochajan@hotmail.com,Con atención médica general por lo menos 3 días de la semana,Dr. Carlos Luis Acha,Público,null
50140982231656,DISPENSARIO MUNICIPAL CHUCUL,Córdoba,Municipal,ESSIDT,CHUCUL,RÍO CUARTO,null,Francisco Ferreyra S/Nş,5805,Directo,(0358) 491-2005,comunadechucul@hotmail.com.ar,Con atención médica general por lo menos 3 días de la semana,José Oscar Cappone,Público,null
50140982231730,DISPENSARIO MUNICIPAL DE ALPA CORRAL ( DR CORIA ),Córdoba,Municipal,ESSIDT,ALPA CORRAL,RÍO CUARTO,null,Los ligustros,5801,Directo,0358-488828,null,Con atención médica general por lo menos 3 días de la semana,ANTONIO LEONARDO CESAR BEVAQUA,Público,null
50140982231526,DISPENSARIO MUNICIPAL DE CORONEL BAIGORRIA,Córdoba,Municipal,ESSIDT,CORONEL BAIGORRIA,RÍO CUARTO,null,GRAL. PAZ 275,5811,Directo,0358-4882041,dispensariobaigorria@hotmail.com,Con atención médica general por lo menos 3 días de la semana,Anuar Faiad,Público,null
50140982231957,DISPENSARIO MUNICIPAL SAN BASILIO,Córdoba,Municipal,ESSIDT,SAN BASILIO,RÍO CUARTO,null,R. COEGO 144,5841,Directo,03585-491010,munitel1@sanbasilio.com.ar,Con atención médica general por lo menos 3 días de la semana,TAMARA GISELE RODRIGUEZ,Público,null
50140982231945,DISPENSARIO Nş 4,Córdoba,Municipal,ESSIDT,RIO CUARTO,RÍO CUARTO,null,PASAJE CABILDO DE LA CONCEPCION 650,5800,Directo,0358-4671111,mrlvintendencia@arnet.com.ar,Con atención médica general por lo menos 3 días de la semana,Sin Dato,Público,null
15140982332960,EDEN RESIDENCIA GERIATRICA PRIVADA,Córdoba,Privado,ESCIETE,ADELIA MARIA,RÍO CUARTO,null,ALEM 238,5843,Directo,03585-420258,null,Bajo riesgo con internación simple,Enrique Jorge Gomez,Privado,null
53140982334936,EMERGENCIA PRIVADA AMOR Y PAZ,Córdoba,Privado,ESCL,RIO CUARTO,RÍO CUARTO,null,JUAN B. JUSTO 242,5800,Tel/Fax,(0358) 463-0823,autorizacionesamorypaz@hotmail.com,Sistema de Atención extra hospitalaria,"DR. BRAVO, RUBEN IGNACIO",Privado,null
50140982333555,EMERGENCIAS RIO CUARTO SRL - CENTRO MEDICO,Córdoba,Privado,ESSIDT,RIO CUARTO,RÍO CUARTO,null,HIPOLITO YRIGOYEN 739,5800,Tel/Fax,0358-4622900,alejandrovallejo@hotmail.com,Con atención médica diaria y con especialidades y/o otras profesiones,"Dr. Vallejo, Alejandro Eduardo",Privado,null
50140982333393,ESTABLECIMIENTO COMUNIDAD TERAPEUTICA LAS VERTIENTES,Córdoba,Privado,ESSIDT,LAS VERTIENTES,RÍO CUARTO,null,CALLE PUBLICA,5839,Tel/Fax,0351-4741538,gigenaparker@gmail.com,Con atención médica diaria y con especialidades y/o otras profesiones,"Dr. Gigena Parker, Héctor Darío",Privado,null
12140982231344,FUNDACION MATERNIDAD HORTENSIA GARDEY DE KOWALK,Córdoba,Municipal,ESCIEM,RIO CUARTO,RÍO CUARTO,null,KOWALK 663,5800,Directo,0358-4671195,maternidadkowalk@hotmail.com,Bajo riesgo con internación simple,Grippo Daniel Eduardo,Público,null
15140982333038,GERIATRICO HOGAR MARIA DE GUADALUPE,Córdoba,Privado,ESCIETE,RIO CUARTO,RÍO CUARTO,null,ALVEAR 714,5800,Directo,0358-4623317,null,Bajo riesgo con internación simple,"Escudero, Claudia",Privado,null
15140982332916,HOGAR DE ANCIANOS PRIVADO SANTA RITA,Córdoba,Privado,ESCIETE,ELENA,RÍO CUARTO,null,SOBREMONTE 74,5815,Directo,0358-4881023,null,Bajo riesgo con internación simple,Victor H. Garcia,Privado,null
15140982332762,HOGAR DE ANCIANOS SAGRADA FAMILIA,Córdoba,Privado,ESCIETE,RIO CUARTO,RÍO CUARTO,null,CORDOBA 1141,5800,Directo,0358-4639446,null,Bajo riesgo con internación simple,"DR. MARTINEZ, LUCIANO ANDRES",Privado,null
15140982333037,HOGAR DE ANCIANOS SAN CARLOS BORROMEO,Córdoba,Privado,ESCIETE,RIO CUARTO,RÍO CUARTO,null,MEXICO 2150,5800,Directo,0358-4644198,null,Bajo riesgo con internación simple,"Dr. San Martín, Daniel",Privado,null
15140982232974,HOGAR DE ANCIANOS SAN JUAN EVANGELISTA,Córdoba,Municipal,ESCIETE,CORONEL MOLDES,RÍO CUARTO,null,Argerich 278,5847,Conmutador,03582-489641,municipiomoldes@yahoo.com.ar,Bajo riesgo con internación simple,"Dra. Cucchietti, Alejandra Gabriela",Público,null
15140982332946,HOGAR DEL ABUELO JUAN MANUEL COSTAS,Córdoba,Privado,ESCIETE,BULNES,RÍO CUARTO,null,Vicente Lopez y Planes s/n,5845,Directo,03582-494089,null,Bajo riesgo con internación simple,Guillermo A. Avanzini,Privado,null
15140982233716,HOGAR GERIATRICO MUNICIPAL TOMAS VEGLIA,Córdoba,Municipal,ESCIETE,BERROTARAN,RÍO CUARTO,null,CATAMARCA 389,5817,Tel/Fax,0358-4940036,null,Bajo riesgo con internación simple,Dr. Martinez Carlos Eduardo,Público,null
10140982231265,HOSPITAL DR. ENRIQUE CARROZZI,Córdoba,Municipal,ESCIG,VICUŃA MACKENNA,RÍO CUARTO,null,ALBERTO NOVILLO 549,6140,Conmutador,03583-429614,munihospcarrozzi@hotmail.com,Bajo riesgo con internación simple,JORGE ROBERTO ENTZ,Público,null
10140982231174,HOSPITAL MUNICIPAL BERROTARAN,Córdoba,Municipal,ESCIG,BERROTARAN,RÍO CUARTO,null,CATAMARCA 389,5817,Directo,0358-4941509,hospitalberrotaran@yahoo.com,Bajo riesgo con internación simple,Dr.Perotti Miguel Angel,Público,null
10140982231176,HOSPITAL MUNICIPAL DE ALCIRA,Córdoba,Municipal,ESCIG,ALCIRA,RÍO CUARTO,null,PEDRO CAVIGLIA 111,5813,Conmutador,0358-4969614,null,Bajo riesgo con internación simple,FERNANDO HUGO ALTURRIA,Público,null
10140982231153,HOSPITAL MUNICIPAL DE AUTOGESTION ADELIA MARIA,Córdoba,Municipal,ESCIG,ADELIA MARIA,RÍO CUARTO,null,LAS HERAS 284,5843,Directo,03585-420300,direccion-hospital@amaria.com.ar,Bajo riesgo con internación simple,"Dr. Brizzio, Venerando Francisco",Público,null
50140982231662,HOSPITAL MUNICIPAL DE LA CAUTIVA,Córdoba,Municipal,ESCIG,LA CAUTIVA,RÍO CUARTO,null,9 de Julio y L. V. Mansilla s/n,6142,Directo,(03583) 49-1142,capslacautiva@yahoo.com.ar,Bajo riesgo con internación simple,"Dra. Ceballos, Laura Soledad",Público,null
50140982231964,HOSPITAL MUNICIPAL ENRIQUE CARROZZI,Córdoba,Municipal,ESSIDT,VICUŃA MACKENNA,RÍO CUARTO,null,SAN MARTIN 675,6140,Directo,03583-484555,municipalidaddvm@onenet.com.ar,Con atención médica general por lo menos 3 días de la semana,Sin Dato,Público,null
10140982231211,HOSPITAL MUNICIPAL JUAN BAUTISTA MEDEOT,Córdoba,Municipal,ESCIG,SAMPACHO,RÍO CUARTO,null,BELGRANO 650,5829,Directo,03582-439209,direccionhospitalsampacho@outlook.com,Bajo riesgo con internación simple,Dra. CLAUDIA SOFÍA COMELLI,Público,null
50140982232126,HOSPITAL MUNICIPAL RENE FAVALORO,Córdoba,Municipal,ESSIDT,MONTE DE LOS GAUCHOS,RÍO CUARTO,null,AV. 15 DE MAYO 88,5831,Conmutador,(03585) 49-2029 / 050,munidlg@amaria.com.ar,Con atención médica general por lo menos 3 días de la semana,Sin Dato,Público,null
10140982231235,HOSPITAL MUNICIPAL TOMAS PONSONE DE CORONEL MOLDES,Córdoba,Municipal,ESCIG,CORONEL MOLDES,RÍO CUARTO,null,SARMIENTO 537,5847,Directo,03582-489646,hospitalcoronelmoldes@hotmail.com,Bajo riesgo con internación simple,Galetto Eduardo Ruben,Público,null
51140982334823,INSTITUTO DE IMAGENES MEDICAS DEL SUR S.R.L.,Córdoba,Privado,ESSID,RIO CUARTO,RÍO CUARTO,null,Sobremonte 1926,5800,Tel/Fax,0358-4797135,imagenes.medicas@hotmail.com,Diagnostico por Imágenes,DR. DIÓGENES ALBERTO GIULIANI,Privado,null
14140982331372,INSTITUTO DE UROLOGIA Y NEFROLOGIA S.R.L.,Córdoba,Privado,ESCIE,RIO CUARTO,RÍO CUARTO,null,MITRE 1064,3615,Directo,03586-4635400,cardio@arnet.com.ar,Bajo riesgo con internación simple,Dr. Mario Guerci,Privado,null
10140982331271,INSTITUTO MEDICO RIO CUARTO S.A,Córdoba,Privado,ESCIG,RIO CUARTO,RÍO CUARTO,null,Hipólito Irigoyen 1020,5800,Conmutador,0358-4679333,info@institutomedicosa.com,Alto riesgo con terapia intensiva,"Dr. Piastrelini, Mario",Privado,null
50140982333611,INSTITUTO ONCOHEMATOLOGICO PRIVADO S.R.L,Córdoba,Privado,ESSIDT,RIO CUARTO,RÍO CUARTO,null,PEDERNERA 50,5800,Tel/Fax,0358-4644755,iopriocuarto@gmail.com,Con atención médica diaria y con especialidades y/o otras profesiones,"Dr. Bove, Víctor",Privado,null
11140982331334,INSTITUTO PRIVADO DE NEONATOLOGIA Y PEDIATRIA S.A.,Córdoba,Privado,ESCIEP,RIO CUARTO,RÍO CUARTO,null,ITALIA 1454,3615,Directo,03586-429834,neoclinica@info.com.ar,Alto riesgo con terapia intensiva especializada,Dr. Borghi Sergio Carlos,Privado,null
50140982334837,INSTITUTO SAN JOSE MODALIDAD ESPECIAL,Córdoba,Privado,ESSIDT,BERROTARAN,RÍO CUARTO,null,MONS. AQUILINO ARGUELLO ARDILES 531,5817,Tel/Fax,0358-4941409,sanjosemodesp@yahoo.com.ar,Con atención médica diaria y con especialidades y/o otras profesiones,"Psicopedagoga Rott, Olga B.",Privado,null
50140982333376,NAZARETH INSTITUCION PRIVADA SIN FINES DE LUCRO,Córdoba,Privado,ESSIDT,LAS HIGUERAS,RÍO CUARTO,null,Pública s/n,5805,Tel/Fax,0358- 4702097,null,Con atención médica diaria y con especialidades y/o otras profesiones,"Dr. Casas, Mario Alberto",Privado,null
10140982131255,NUEVO HOSPITAL RIO CUARTO SAN ANTONIO DE PADUA,Córdoba,Provincial,ESCIG,RIO CUARTO,RÍO CUARTO,null,ROSARIO DE SANTA FE 495,5800,Conmutador,0358-4678700,miguel.minardi@cba.gov.ar,Alto riesgo con terapia intensiva especializada,Dr. BERLAFA,Público,null
10140982331279,POLICLINICO PRIVADO SAN LUCAS,Córdoba,Privado,ESCIG,RIO CUARTO,RÍO CUARTO,null,Mitre 930,5800,Conmutador,0358-4640232,null,Alto riesgo con terapia intensiva,"Dr. Mugnaini, Miguel Angel",Privado,null
50140982231572,PUESTO SANITARIO LAS ALBAHACAS,Córdoba,Municipal,ESSIDT,LAS ALBAHACAS,RÍO CUARTO,null,CALLE 11 S/Nş,5801,Directo,0358-4919562,lasalbahacas@hotmail.com,Con atención médica diaria y con especialidades y/o otras profesiones,LUIS ENRIQUE TEJADA PANDURO,Público,null
50140982231567,PUESTO SANITARIO MALENA,Córdoba,Municipal,ESSIDT,MALENA,RÍO CUARTO,null,SAN MARTIN S/N°,5839,Administración,(03582) 49-6030,comunademalena@hotmail.com,Con atención médica general por lo menos 3 días de la semana,Dr. Wilde René Aguirre,Público,null
50141612231753,PUESTO SANITARIO PUNTA DEL AGUA,Córdoba,Municipal,ESSIDT,PUNTA DEL AGUA,TERCERO ARRIBA,null,Santiago Vazquez s/n,5931,null,null,null,Con atención médica general por lo menos 3 días de la semana,Sin Dato,Público,null
15140982334925,RESIDENCIA GERIATRICA LA CASONA HOGAR,Córdoba,Privado,ESCIETE,RIO CUARTO,RÍO CUARTO,null,SOBREMONTE 1338,5800,Tel/Fax,0358-4797768,mavero91@hotmail.com,Bajo riesgo con internación simple,"DRA. LOPEZ, MARIELA VERONICA",Privado,null
15140982332758,RESIDENCIA GERIATRICA PRIVADA AMANECER,Córdoba,Privado,ESCIETE,RIO CUARTO,RÍO CUARTO,null,LAVALLE 536,5800,Directo,0358-4639156,grela2@hotmail.com,Bajo riesgo con internación simple,Marcelo De La Vega,Privado,null
15140982333596,RESIDENCIA GERIATRICA PRIVADA LA MEDALLA MILAGROSA,Córdoba,Privado,ESCIETE,RIO CUARTO,RÍO CUARTO,null,Amadeo Mozart 156,5800,Tel/Fax,0358-4654337,null,Bajo riesgo con internación simple,"Dr. Castresana, Gustavo Adolfo",Privado,null
15140982333039,RESIDENCIA GERIATRICA PRIVADA MARIA DEL ROSARIO,Córdoba,Privado,ESCIETE,RIO CUARTO,RÍO CUARTO,null,BOULEVARD GENERAL ROCA 788,5800,Directo,0358-4632252,null,Bajo riesgo con internación simple,"Dr. Dibella, Luis Daniel",Privado,null
15140982332730,RESIDENCIA GERIATRICA PRIVADA NUEVO AMANECER,Córdoba,Privado,ESCIETE,RIO CUARTO,RÍO CUARTO,null,IGUAZU 540,5800,Directo,0358-4680355,null,Bajo riesgo con internación simple,Marcelo De La Vega,Privado,null
15140982334932,RESIDENCIA GERIATRICA PRIVADA SANTA CLARA DE ASIS,Córdoba,Privado,ESCIETE,RIO CUARTO,RÍO CUARTO,null,SAN JOSE DE CALAZANS 903,5800,Tel/Fax,0358-4626980,avnava@hotmail.com,Bajo riesgo con internación simple,"DR. PAREDES, MARCOS ANDRES",Privado,null
15140982334804,RESIDENCIA GERIATRICA PRIVADA SOL DE OTOŃO,Córdoba,Privado,ESCIETE,RIO CUARTO,RÍO CUARTO,null,Fray Quirico Porreca 236,5800,Tel/Fax,0358-4623254,malbuixech@gmail.com,Bajo riesgo con internación simple,"Dra. San Millan, Alicia Maria",Privado,null
15140982334791,RESIDENCIA GERIATRICA SAGRADA FAMILIA S.A.,Córdoba,Privado,ESCIETE,LAS HIGUERAS,RÍO CUARTO,null,RUTA 8 KM 597,5805,Directo,0358-154342839,nicoacevedo90@gmail.com,Bajo riesgo con internación simple,Dr. Luciano Andres Martinez,Privado,null
15140982334923,RESIDENCIA GERIATRICA SANTA TERESITA,Córdoba,Privado,ESCIETE,RIO CUARTO,RÍO CUARTO,null,SAAVEDRA 741,5800,Tel/Fax,0358-4625161,null,Bajo riesgo con internación simple,"DR. LOFREDO, EFRAIN",Privado,null
10140982331296,SANATORIO PRIVADO DEL SUR,Córdoba,Privado,ESCIG,BERROTARAN,RÍO CUARTO,null,MARIANO MORENO 253,5817,Administración,0358-4940492,sanatorioprivadosur@yahoo.com.ar,Bajo riesgo con internación simple,Dr Hernandez Oscar Alfredo,Privado,null
10140982331300,SANATORIO PRIVADO RIO CUARTO,Córdoba,Privado,ESCIG,RIO CUARTO,RÍO CUARTO,null,Bv. General Roca 949,5800,Conmutador,03586-463688,gerencia@sanatorioprivado.com.ar,Alto riesgo con terapia intensiva,Dr.Soria Pablo Arturo,Privado,null
53140982333678,SERVICIO DE EMERGENCIA E.M.A (EMERGENCIA MEDICA ASISTENCIAL),Córdoba,Privado,ESCL,RIO CUARTO,RÍO CUARTO,null,Fotheringam 429,5800,null,null,null,Sistema de Atención extra hospitalaria,Dr. Armando Rómulo Vesco,Privado,null
53140982333449,SERVICIO DE TRASLADO CASA GRASSI S.R.L,Córdoba,Privado,ESCL,RIO CUARTO,RÍO CUARTO,null,Hipólito Yrigoyen 443,5800,Tel/Fax,0358-4623190,null,Sistema de Atención extra hospitalaria,"Dr. De la Vega, Marcelo Emilio",Privado,null
53140982333396,SERVICIO DE TRASLADO DE PACIENTES BAJO TRATAMIENTO CRONICO UTE,Córdoba,Privado,ESCL,RIO CUARTO,RÍO CUARTO,null,Ing. Dinkeldein Norte 242,5800,Tel/Fax,0358- 4628019,null,Sistema de Atención extra hospitalaria,"Sr. Lacombre, Hugo Daniel",Privado,null
53140982333689,SERVICIO DE TRASLADO EMER G.S,Córdoba,Privado,ESCL,RIO CUARTO,RÍO CUARTO,null,Felipe Neri Guerra 51,5800,null,null,null,Sistema de Atención extra hospitalaria,Dr. Rubén Ignacio Bravo,Privado,null
53140982333126,SERVICIO DE TRASLADO SOCIAL DE LA COOP. DE ELECTRICIDAD Y ANEXOS LTDA. CEYAL,Córdoba,Privado,ESCL,VICUŃA MACKENNA,RÍO CUARTO,null,25 de Mayo 186,6140,Administración,03583-480000,ceyalcoop@ceyalcoop.com.ar,Sistema de Atención extra hospitalaria,"Setién, José Luis",Privado,null
53140982034989,UGL XXXVI - RIO CUARTO,Córdoba,Nacional,ESCL,RIO CUARTO,RÍO CUARTO,null,ALVEAR 842,5800,Administración,0358- 4672210,null,Vacunatorios,SIN DATO,Público,null
52140982334580,UNIDAD RENAL RIO CUARTO S.R.L.,Córdoba,Privado,ESSIT,RIO CUARTO,RÍO CUARTO,null,Mitre 944,5800,Directo,0358-4646910,urrc@fibertel.com.ar,Centro de Diálisis,"Dr. Abascal, Juan Carlos",Privado,null
53140982434618,VACUNATORIO AREA MATERIAL RIO CUARTO,Córdoba,FFAA/Seguridad,ESCL,LAS HIGUERAS,RÍO CUARTO,null,Ruta 158 Km 37 1/2,5805,Directo,(0358) 4979642,sanriocuarto@hotmail.com,Vacunatorios,Mayor Pablo David Dias Gundin,Público,null
